nickname,full_name
Feron Hunt,Feron Hunt
Ben McLemore,Ben McLemore
Patty Mills,Patty Mills
Ja Morant,Ja Morant
Paul Reed,Paul Reed
Desmond Bane,Desmond Bane
Matt Lewis,Matt Lewis
DJ Steward,DJ Steward
John Collins,John Collins
Mason Plumlee,Mason Plumlee
Raul Neto,Raul Neto
Mitchell Robinson,Mitchell Robinson
Luke Kennard,Luke Kennard
Delon Wright,Delon Wright
Evan Fournier,Evan Fournier
Talen Horton-Tucker,Talen Horton-Tucker
Ben Simmons,Ben Simmons
Taurean Prince,Taurean Prince
Robert Covington,Robert Covington
Jared Butler,Jared Butler
Taj Gibson,Taj Gibson
Aaron Gordon,Aaron Gordon
Jonathan Kuminga,Jonathan Kuminga
R.J. Hampton,R.J. Hampton
Pat Connaughton,Pat Connaughton
Keifer Sykes,Keifer Sykes
Bradley Beal,Bradley Beal
Zylan Cheatham,Zylan Cheatham
David Johnson,David Johnson
Justin Champagnie,Justin Champagnie
Steven Adams,Steven Adams
Tyrese Maxey,Tyrese Maxey
Derrick White,Derrick White
Kyle Lowry,Kyle Lowry
James Wiseman,James Wiseman
Daulton Hommes,Daulton Hommes
Frank Ntilikina,Frank Ntilikina
Louis King,Louis King
Luguentz Dort,Luguentz Dort
Jericho Sims,Jericho Sims
Wes Iwundu,Wes Iwundu
Ricky Rubio,Ricky Rubio
Chris Smith,Chris Smith
Josh Okogie,Josh Okogie
Kyrie Irving,Kyrie Irving
Russell Westbrook,Russell Westbrook
Eugene Omoruyi,Eugene Omoruyi
Paul Watson,Paul Watson
Svi Mykhailiuk,Svi Mykhailiuk
Ish Smith,Ish Smith
Quinn Cook,Quinn Cook
Isaiah Stewart,Isaiah Stewart
Nemanja Bjelica,Nemanja Bjelica
Nikola Jokic,Nikola Jokic
Andre Drummond,Andre Drummond
Reggie Perry,Reggie Perry
Mike Muscala,Mike Muscala
Alize Johnson,Alize Johnson
Caris LeVert,Caris LeVert
Jahlil Okafor,Jahlil Okafor
Luka Garza,Luka Garza
Cameron Johnson,Cameron Johnson
OG Anunoby,OG Anunoby
Seth Curry,Seth Curry
Michael Porter Jr.,Michael Porter Jr.
Jordan Goodwin,Jordan Goodwin
Tyus Jones,Tyus Jones
JaVale McGee,JaVale McGee
RJ Nembhard Jr.,RJ Nembhard Jr.
Devon Dotson,Devon Dotson
Miles McBride,Miles McBride
Jalen Brunson,Jalen Brunson
Marko Simonovic,Marko Simonovic
Grant Williams,Grant Williams
Carmelo Anthony,Carmelo Anthony
Sam Hauser,Sam Hauser
Jevon Carter,Jevon Carter
Chris Duarte,Chris Duarte
Kristaps Porzingis,Kristaps Porzingis
Chris Chiozza,Chris Chiozza
Brook Lopez,Brook Lopez
Kevin Huerter,Kevin Huerter
Willy Hernangomez,Willy Hernangomez
Deni Avdija,Deni Avdija
Hamidou Diallo,Hamidou Diallo
Solomon Hill,Solomon Hill
Maxi Kleber,Maxi Kleber
Draymond Green,Draymond Green
Malachi Flynn,Malachi Flynn
Matt Thomas,Matt Thomas
Nick Richards,Nick Richards
Larry Nance Jr.,Larry Nance Jr.
Edmond Sumner,Edmond Sumner
Trent Forrest,Trent Forrest
Jrue Holiday,Jrue Holiday
Terance Mann,Terance Mann
Justin Holiday,Justin Holiday
Kevon Looney,Kevon Looney
Dorian Finney-Smith,Dorian Finney-Smith
Torrey Craig,Torrey Craig
Jalen Suggs,Jalen Suggs
Jon Teske,Jon Teske
Zach Collins,Zach Collins
Joel Embiid,Joel Embiid
Devin Vassell,Devin Vassell
Jaden McDaniels,Jaden McDaniels
Khris Middleton,Khris Middleton
Shai Gilgeous-Alexander,Shai Gilgeous-Alexander
DeMar DeRozan,DeMar DeRozan
Gorgui Dieng,Gorgui Dieng
Paul Millsap,Paul Millsap
Kyle Guy,Kyle Guy
Danny Green,Danny Green
Jock Landale,Jock Landale
Reggie Bullock,Reggie Bullock
Chaundee Brown,Chaundee Brown
Jordan Bell,Jordan Bell
Marquese Chriss,Marquese Chriss
Derrick Rose,Derrick Rose
Cameron Oliver,Cameron Oliver
Dejounte Murray,Dejounte Murray
Micah Potter,Micah Potter
De'Anthony Melton,De'Anthony Melton
Georges Niang,Georges Niang
Sharife Cooper,Sharife Cooper
Dewayne Dedmon,Dewayne Dedmon
Drew Eubanks,Drew Eubanks
Day'Ron Sharpe,Day'Ron Sharpe
Chandler Hutchison,Chandler Hutchison
Stephen Curry,Stephen Curry
Sekou Doumbouya,Sekou Doumbouya
George Hill,George Hill
Max Strus,Max Strus
Jalen McDaniels,Jalen McDaniels
Zeke Nnaji,Zeke Nnaji
Mitch Ballock,Mitch Ballock
Keon Johnson,Keon Johnson
Montrezl Harrell,Montrezl Harrell
Saddiq Bey,Saddiq Bey
Tarik Black,Tarik Black
Amir Coffey,Amir Coffey
Tre Jones,Tre Jones
Isaiah Livers,Isaiah Livers
Terence Davis,Terence Davis
Gabriel Deck,Gabriel Deck
Elijah Hughes,Elijah Hughes
Buddy Hield,Buddy Hield
Naji Marshall,Naji Marshall
MaCio Teague,MaCio Teague
DeAndre' Bembry,DeAndre' Bembry
Norman Powell,Norman Powell
Obi Toppin,Obi Toppin
Cody Martin,Cody Martin
Robin Lopez,Robin Lopez
Freddie Gillespie,Freddie Gillespie
Kelan Martin,Kelan Martin
Jordan Nwora,Jordan Nwora
Bogdan Bogdanovic,Bogdan Bogdanovic
Markelle Fultz,Markelle Fultz
Quentin Grimes,Quentin Grimes
Juan Toscano-Anderson,Juan Toscano-Anderson
Carlik Jones,Carlik Jones
Timothe Luwawu-Cabarrot,Timothe Luwawu-Cabarrot
Kira Lewis Jr.,Kira Lewis Jr.
Isaiah Todd,Isaiah Todd
Garrison Mathews,Garrison Mathews
Wayne Ellington,Wayne Ellington
Giannis Antetokounmpo,Giannis Antetokounmpo
Donte DiVincenzo,Donte DiVincenzo
Davion Mitchell,Davion Mitchell
D'Angelo Russell,D'Angelo Russell
Jalen Johnson,Jalen Johnson
Aaron Henry,Aaron Henry
Richaun Holmes,Richaun Holmes
Tyler Herro,Tyler Herro
Jalen Smith,Jalen Smith
Darius Garland,Darius Garland
Xavier Tillman Sr.,Xavier Tillman Sr.
Isaiah Miller,Isaiah Miller
Cole Anthony,Cole Anthony
DeAndre Jordan,DeAndre Jordan
Nicolas Claxton,Nicolas Claxton
Wenyen Gabriel,Wenyen Gabriel
Jamorko Pickett,Jamorko Pickett
LeBron James,LeBron James
Paul George,Paul George
Devin Booker,Devin Booker
Kent Bazemore,Kent Bazemore
Javin DeLaurier,Javin DeLaurier
Daishen Nix,Daishen Nix
Andrew Wiggins,Andrew Wiggins
D.J. Carton,D.J. Carton
Jimmy Butler,Jimmy Butler
Rajon Rondo,Rajon Rondo
Georgios Kalaitzakis,Georgios Kalaitzakis
Oshae Brissett,Oshae Brissett
Jaxson Hayes,Jaxson Hayes
Romeo Langford,Romeo Langford
Trey Lyles,Trey Lyles
Theo Pinson,Theo Pinson
Neemias Queta,Neemias Queta
Josh Giddey,Josh Giddey
Robert Williams III,Robert Williams III
E'Twaun Moore,E'Twaun Moore
Trevor Ariza,Trevor Ariza
Dwight Howard,Dwight Howard
Joe Wieskamp,Joe Wieskamp
Dante Exum,Dante Exum
Jordan Poole,Jordan Poole
MJ Walker,MJ Walker
Sam Merrill,Sam Merrill
Javonte Green,Javonte Green
Robert Woodard II,Robert Woodard II
Jarrett Allen,Jarrett Allen
Chuma Okeke,Chuma Okeke
Theo Maledon,Theo Maledon
DeJon Jarreau,DeJon Jarreau
Malik Fitts,Malik Fitts
Will Barton,Will Barton
Karl-Anthony Towns,Karl-Anthony Towns
James Johnson,James Johnson
Mamadi Diakite,Mamadi Diakite
D.J. Wilson,D.J. Wilson
Derrick Walton Jr.,Derrick Walton Jr.
Cam Reddish,Cam Reddish
Jarrett Culver,Jarrett Culver
Kai Jones,Kai Jones
Moritz Wagner,Moritz Wagner
Anthony Davis,Anthony Davis
Rui Hachimura,Rui Hachimura
Vlatko Cancar,Vlatko Cancar
Skylar Mays,Skylar Mays
Omer Yurtseven,Omer Yurtseven
Gordon Hayward,Gordon Hayward
Denzel Valentine,Denzel Valentine
Joe Harris,Joe Harris
D.J. Augustin,D.J. Augustin
Brodric Thomas,Brodric Thomas
Keita Bates-Diop,Keita Bates-Diop
Jamal Murray,Jamal Murray
Kemba Walker,Kemba Walker
Grant Riller,Grant Riller
De'Andre Hunter,De'Andre Hunter
Kelly Olynyk,Kelly Olynyk
Mfiondu Kabengele,Mfiondu Kabengele
Zion Williamson,Zion Williamson
KZ Okpala,KZ Okpala
Arnoldas Kulboka,Arnoldas Kulboka
Anthony Lamb,Anthony Lamb
Jordan Schakel,Jordan Schakel
Trevelin Queen,Trevelin Queen
Austin Reaves,Austin Reaves
Nassir Little,Nassir Little
Nikola Vucevic,Nikola Vucevic
Jared Harper,Jared Harper
Clint Capela,Clint Capela
P.J. Washington,P.J. Washington
Tre Mann,Tre Mann
Dru Smith,Dru Smith
Donovan Mitchell,Donovan Mitchell
Cameron Payne,Cameron Payne
Brian Bowen II,Brian Bowen II
Harry Giles III,Harry Giles III
Jay Scrubb,Jay Scrubb
Moses Brown,Moses Brown
Johnny O'Bryant III,Johnny O'Bryant III
Kevin Porter Jr.,Kevin Porter Jr.
KJ Martin,KJ Martin
Bol Bol,Bol Bol
Jae Crowder,Jae Crowder
Otto Porter Jr.,Otto Porter Jr.
Domantas Sabonis,Domantas Sabonis
Jaime Echenique,Jaime Echenique
Julius Randle,Julius Randle
Charles Bassey,Charles Bassey
Trey Murphy III,Trey Murphy III
Ivica Zubac,Ivica Zubac
Trey Burke,Trey Burke
Hassani Gravett,Hassani Gravett
Tyler Cook,Tyler Cook
Juwan Morgan,Juwan Morgan
Nicolas Batum,Nicolas Batum
T.J. McConnell,T.J. McConnell
Brandon Ingram,Brandon Ingram
Anthony Edwards,Anthony Edwards
Admiral Schofield,Admiral Schofield
David Nwaba,David Nwaba
Nathan Knight,Nathan Knight
Kevin Durant,Kevin Durant
Thanasis Antetokounmpo,Thanasis Antetokounmpo
Udonis Haslem,Udonis Haslem
Derrick Jones Jr.,Derrick Jones Jr.
Frank Jackson,Frank Jackson
Dario Saric,Dario Saric
Joel Ayayi,Joel Ayayi
Rodney Hood,Rodney Hood
Justin Robinson,Justin Robinson
Kentavious Caldwell-Pope,Kentavious Caldwell-Pope
Bryn Forbes,Bryn Forbes
Abdel Nader,Abdel Nader
Rob Edwards,Rob Edwards
Marvin Bagley III,Marvin Bagley III
Moses Moody,Moses Moody
Isaiah Roby,Isaiah Roby
Stanley Johnson,Stanley Johnson
Jeff Green,Jeff Green
Didi Louzada,Didi Louzada
JaMychal Green,JaMychal Green
Jordan McLaughlin,Jordan McLaughlin
Petr Cornelie,Petr Cornelie
Ayo Dosunmu,Ayo Dosunmu
Nerlens Noel,Nerlens Noel
Gary Harris,Gary Harris
Killian Hayes,Killian Hayes
Danuel House Jr.,Danuel House Jr.
Tremont Waters,Tremont Waters
Danilo Gallinari,Danilo Gallinari
Khyri Thomas,Khyri Thomas
De'Aaron Fox,De'Aaron Fox
Kris Dunn,Kris Dunn
Victor Oladipo,Victor Oladipo
Lonnie Walker IV,Lonnie Walker IV
Langston Galloway,Langston Galloway
Sandro Mamukelashvili,Sandro Mamukelashvili
Lamar Stevens,Lamar Stevens
Ryan Arcidiacono,Ryan Arcidiacono
Ethan Thompson,Ethan Thompson
Avery Bradley,Avery Bradley
Yves Pons,Yves Pons
RJ Barrett,RJ Barrett
Tobias Harris,Tobias Harris
Kessler Edwards,Kessler Edwards
Keljin Blevins,Keljin Blevins
Matt Coleman III,Matt Coleman III
Tyrese Haliburton,Tyrese Haliburton
Nate Hinton,Nate Hinton
Mac McClung,Mac McClung
Jusuf Nurkic,Jusuf Nurkic
Furkan Korkmaz,Furkan Korkmaz
Chris Paul,Chris Paul
Markieff Morris,Markieff Morris
Alperen Sengun,Alperen Sengun
Goga Bitadze,Goga Bitadze
John Wall,John Wall
Cedi Osman,Cedi Osman
Coby White,Coby White
Bobby Portis,Bobby Portis
Joshua Primo,Joshua Primo
Rudy Gay,Rudy Gay
Dalano Banton,Dalano Banton
Aaron Holiday,Aaron Holiday
Duncan Robinson,Duncan Robinson
Miye Oni,Miye Oni
Shaq Buchanan,Shaq Buchanan
Dillon Brooks,Dillon Brooks
Jared Cunningham,Jared Cunningham
Jordan Clarkson,Jordan Clarkson
Willie Cauley-Stein,Willie Cauley-Stein
Immanuel Quickley,Immanuel Quickley
Scottie Lewis,Scottie Lewis
Tim Hardaway Jr.,Tim Hardaway Jr.
Ish Wainright,Ish Wainright
Dennis Smith Jr.,Dennis Smith Jr.
Troy Brown Jr.,Troy Brown Jr.
CJ Elleby,CJ Elleby
Elfrid Payton,Elfrid Payton
Al-Farouq Aminu,Al-Farouq Aminu
Cam Thomas,Cam Thomas
Marcus Morris Sr.,Marcus Morris Sr.
Alex Caruso,Alex Caruso
JT Thor,JT Thor
Marcus Garrett,Marcus Garrett
Tyler Bey,Tyler Bey
Eric Paschall,Eric Paschall
Zach LaVine,Zach LaVine
Boban Marjanovic,Boban Marjanovic
Lauri Markkanen,Lauri Markkanen
Ty Jerome,Ty Jerome
Rodney McGruder,Rodney McGruder
David Duke Jr.,David Duke Jr.
Lou Williams,Lou Williams
Onyeka Okongwu,Onyeka Okongwu
Duane Washington Jr.,Duane Washington Jr.
Christian Wood,Christian Wood
P.J. Tucker,P.J. Tucker
Jarred Vanderbilt,Jarred Vanderbilt
Facundo Campazzo,Facundo Campazzo
Dwayne Bacon,Dwayne Bacon
Jeremy Lamb,Jeremy Lamb
Damian Jones,Damian Jones
Derrick Alston Jr.,Derrick Alston Jr.
Kenrich Williams,Kenrich Williams
Chasson Randle,Chasson Randle
Cory Joseph,Cory Joseph
Daniel Gafford,Daniel Gafford
Aaron Wiggins,Aaron Wiggins
Matt Ryan,Matt Ryan
Sean McDermott,Sean McDermott
LaMarcus Aldridge,LaMarcus Aldridge
Dean Wade,Dean Wade
Bam Adebayo,Bam Adebayo
Garrett Temple,Garrett Temple
James Harden,James Harden
Sam Dekker,Sam Dekker
Wayne Selden,Wayne Selden
Anfernee Simons,Anfernee Simons
Ignas Brazdeikis,Ignas Brazdeikis
Precious Achiuwa,Precious Achiuwa
Darius Bazley,Darius Bazley
Thaddeus Young,Thaddeus Young
Jaylen Brown,Jaylen Brown
Bojan Bogdanovic,Bojan Bogdanovic
Enes Kanter,Enes Kanter
Chris Boucher,Chris Boucher
Evan Mobley,Evan Mobley
Keldon Johnson,Keldon Johnson
Jae'Sean Tate,Jae'Sean Tate
Malik Monk,Malik Monk
CJ McCollum,CJ McCollum
Derrick Favors,Derrick Favors
Jose Alvarado,Jose Alvarado
Tony Bradley,Tony Bradley
Isaiah Joe,Isaiah Joe
Chimezie Metu,Chimezie Metu
Aamir Simms,Aamir Simms
Spencer Dinwiddie,Spencer Dinwiddie
Sterling Brown,Sterling Brown
Bruce Brown,Bruce Brown
Markus Howard,Markus Howard
George King,George King
Vernon Carey Jr.,Vernon Carey Jr.
Kawhi Leonard,Kawhi Leonard
Fred VanVleet,Fred VanVleet
Shake Milton,Shake Milton
Wendell Carter Jr.,Wendell Carter Jr.
Dylan Windler,Dylan Windler
JaQuori McLaughlin,JaQuori McLaughlin
John Konchar,John Konchar
Kyle Anderson,Kyle Anderson
Ziaire Williams,Ziaire Williams
Alex Len,Alex Len
Jason Preston,Jason Preston
Kendrick Nunn,Kendrick Nunn
Chris Silva,Chris Silva
Terry Taylor,Terry Taylor
Daniel Oturu,Daniel Oturu
Collin Sexton,Collin Sexton
Greg Brown III,Greg Brown III
Jalen Green,Jalen Green
Landry Shamet,Landry Shamet
Gary Payton II,Gary Payton II
Armoni Brooks,Armoni Brooks
Franz Wagner,Franz Wagner
Isaac Bonga,Isaac Bonga
Patrick Williams,Patrick Williams
Jake Layman,Jake Layman
McKinley Wright IV,McKinley Wright IV
Mikal Bridges,Mikal Bridges
Josh Christopher,Josh Christopher
Harrison Barnes,Harrison Barnes
Anthony Gill,Anthony Gill
Hassan Whiteside,Hassan Whiteside
Jeremiah Robinson-Earl,Jeremiah Robinson-Earl
Kevin Love,Kevin Love
Eric Gordon,Eric Gordon
Kevin Knox II,Kevin Knox II
Tony Snell,Tony Snell
Juancho Hernangomez,Juancho Hernangomez
Josh Green,Josh Green
Johnny Hamilton,Johnny Hamilton
Javonte Smart,Javonte Smart
Payton Pritchard,Payton Pritchard
Michael Carter-Williams,Michael Carter-Williams
Nah'Shon Hyland,Nah'Shon Hyland
Bruno Fernando,Bruno Fernando
Josh Hart,Josh Hart
Cassius Stanley,Cassius Stanley
Jayson Tatum,Jayson Tatum
Jakob Poeltl,Jakob Poeltl
Corey Kispert,Corey Kispert
Kelly Oubre Jr.,Kelly Oubre Jr.
Xavier Sneed,Xavier Sneed
Andre Iguodala,Andre Iguodala
Dwight Powell,Dwight Powell
James Bouknight,James Bouknight
Deandre Ayton,Deandre Ayton
Jonas Valanciunas,Jonas Valanciunas
Luka Doncic,Luka Doncic
Saben Lee,Saben Lee
Davon Reed,Davon Reed
Isaac Okoro,Isaac Okoro
Marcus Smart,Marcus Smart
Scottie Barnes,Scottie Barnes
Serge Ibaka,Serge Ibaka
Devontae Cacok,Devontae Cacok
Mychal Mulder,Mychal Mulder
Kyle Kuzma,Kyle Kuzma
Caleb Martin,Caleb Martin
Rudy Gobert,Rudy Gobert
Brandon Boston Jr.,Brandon Boston Jr.
Jeff Dowtin,Jeff Dowtin
Dennis Schroder,Dennis Schroder
Jahmi'us Ramsey,Jahmi'us Ramsey
Emanuel Terry,Emanuel Terry
Vit Krejci,Vit Krejci
Yuta Watanabe,Yuta Watanabe
Reggie Jackson,Reggie Jackson
Usman Garuba,Usman Garuba
Al Horford,Al Horford
Khem Birch,Khem Birch
Devonte' Graham,Devonte' Graham
Malik Beasley,Malik Beasley
Trendon Watford,Trendon Watford
Tristan Thompson,Tristan Thompson
Myles Turner,Myles Turner
Justise Winslow,Justise Winslow
Leandro Bolmaro,Leandro Bolmaro
Kevin Pangos,Kevin Pangos
Santi Aldama,Santi Aldama
Austin Rivers,Austin Rivers
PJ Dozier,PJ Dozier
Terrence Ross,Terrence Ross
Matisse Thybulle,Matisse Thybulle
Blake Griffin,Blake Griffin
Killian Tillie,Killian Tillie
Jerami Grant,Jerami Grant
Gary Trent Jr.,Gary Trent Jr.
Daniel Theis,Daniel Theis
Royce O'Neale,Royce O'Neale
Malcolm Brogdon,Malcolm Brogdon
Luka Samanic,Luka Samanic
Miles Bridges,Miles Bridges
T.J. Warren,T.J. Warren
AJ Lawson,AJ Lawson
Herbert Jones,Herbert Jones
Isaiah Hartenstein,Isaiah Hartenstein
Jaren Jackson Jr.,Jaren Jackson Jr.
Monte Morris,Monte Morris
Udoka Azubuike,Udoka Azubuike
Davis Bertans,Davis Bertans
Tacko Fall,Tacko Fall
Nickeil Alexander-Walker,Nickeil Alexander-Walker
DJ Stewart,DJ Stewart
Semi Ojeleye,Semi Ojeleye
Aleksej Pokusevski,Aleksej Pokusevski
Jay Huff,Jay Huff
Doug McDermott,Doug McDermott
Shaquille Harrison,Shaquille Harrison
Frank Kaminsky,Frank Kaminsky
Mo Bamba,Mo Bamba
Elijah Bryant,Elijah Bryant
Jaylen Nowell,Jaylen Nowell
Jonathan Isaac,Jonathan Isaac
Marques Bolden,Marques Bolden
Trae Young,Trae Young
Grayson Allen,Grayson Allen
Alec Burks,Alec Burks
Eric Bledsoe,Eric Bledsoe
Lonzo Ball,Lonzo Ball
Moses Wright,Moses Wright
Josh Jackson,Josh Jackson
Josh Richardson,Josh Richardson
Tomas Satoransky,Tomas Satoransky
Cade Cunningham,Cade Cunningham
Cassius Winston,Cassius Winston
Jaden Springer,Jaden Springer
Klay Thompson,Klay Thompson
Brandon Clarke,Brandon Clarke
Jabari Parker,Jabari Parker
Damian Lillard,Damian Lillard
Patrick Beverley,Patrick Beverley
Patrick Patterson,Patrick Patterson
Goran Dragic,Goran Dragic
Gabe Vincent,Gabe Vincent
Joe Ingles,Joe Ingles
Naz Reid,Naz Reid
Mike Conley,Mike Conley
Cody Zeller,Cody Zeller
Damion Lee,Damion Lee
Aaron Nesmith,Aaron Nesmith
Pascal Siakam,Pascal Siakam
Thomas Bryant,Thomas Bryant
Maurice Harkless,Maurice Harkless
Isaiah Jackson,Isaiah Jackson
Tyrell Terry,Tyrell Terry
Terry Rozier,Terry Rozier
LaMelo Ball,LaMelo Ball
KD,Kevin Durant
@StephenCurry30,Stephen Curry
Lebron,Lebron James
Luka,Luka Doncic
Kyrie,Kyrie Irving
kyrie,Kyrie Irving
steph,Stephen Curry
Steph,Stephen Curry
Demar,DeMar DeRozan
Derozan,DeMar DeRozan
Tatum,Jayson Tatum
#LebronJames,Lebron James
King James,Lebron James
#StephenCurry,Stephen Curry
Joker,Nikola Jokic
Young,Trae Young
luka,Luka Doncic
@BrownOfJaylen,Jaylen Brown
Bron,Lebron James
Collins,John Collins
Westbrick,Russell Westbrook
AD,Anthony Davis
@JoelEmbiid,Joel Embiid
@KingJames,Lebron James
Steph Curry,Stephen Curry
CP3,Chris Paul
cp3,Chris Paul
THT,Talen Horton-Tucker
@kylekuzma,Kyle Kuzma
KAT,Karl-Anthony Towns
Shai gilgeous,Shai Gilgeous-Alexander
SGA,Shai Gilgeous-Alexander
@Money23Green,Draymond Green
